{"cameraMode":{"drawMode":0,"name":"Shaded","section":"Shading Mode"},"sceneLighting":true,"audioPlay":false,"sceneViewState":{"m_AlwaysRefresh":false,"showFog":true,"showSkybox":true,"showFlares":true,"showImageEffects":true,"showParticleSystems":true,"showVisualEffectGraphs":true,"m_FxEnabled":true},"in2DMode":false,"pivot":{"x":-16.183671951293947,"y":6.099814414978027,"z":42.37063980102539},"rotation":{"x":-0.019893404096364976,"y":-0.9791982769966126,"z":0.15198612213134767,"w":-0.13645190000534059},"size":1.2199324369430543,"orthographic":false}